Alias,Display
20TH AIR FORCE,US Department of the Air Force
355TH FIGHTER WING,US Department of the Air Force
69A345 Office of the Under Secretary for Policy,Office of the Under Secretary for Policy
69A350 OSDBU,Office of the Under Secretary for Policy
9TH AIR FORCE (AIR FORCES CENTRAL),US Department of the Air Force
Administration for Children & Families - ACYF/FYSB,Administration for Children and Families
Administration for Children and Families,Administration for Children and Families
Administration for Children and Families - ACYF/CB,Administration for Children and Families
Administration for Children and Families - ANA,Administration for Children and Families
Administration for Children and Families - OCS,Administration for Children and Families
Administration for Children and Families - OFA,Administration for Children and Families
Administration for Children and Families - OHSEPR,Administration for Children and Families
Administration for Children and Families - OPRE,Administration for Children and Families
Administration for Children and Families - ORR,Administration for Children and Families
Administration for Community Living,Administration for Community Living
ADMINISTRATION FOR STRATEGIC PREPAREDNESS AND RESPONSE,Administration for Strategic Preparedness and Response
ADMINISTRATION FOR STRATEGIC PREPAREDNESS AND RESPONSE (ASPR),Administration for Strategic Preparedness and Response
ADMINISTRATIVE OFFICE OF THE U.S. COURTS,Administrative Office of the US Courts
ADVANCED RESEARCH PROJECT AGENCY FOR HEALTH (ARPA-H),advanced research project agency for health
Agricultural Marketing Service,Agricultural Marketing Service
AGRICULTURAL RESEARCH SERVICE,Agricultural Marketing Service
AGRICULTURE,US Department of Agriculture
AIR COMBAT COMMAND,US Department of the Air Force
AIR EDUCATION AND TRAINING COMMAND,US Department of the Air Force
AIR FORCE,US Department of the Air Force
AIR FORCE DISTRICT OF WASHINGTON,US Department of the Air Force
AIR FORCE GLOBAL STRIKE COMMAND,US Department of the Air Force
AIR FORCE MATERIEL COMMAND,US Department of the Air Force
Air Force Office of Scientific Research,Air Force Office of Scientific Research
AIR FORCE RESERVE COMMAND,US Department of the Air Force
AIR MOBILITY COMMAND,AIR MOBILITY COMMAND
AMERICAN BATTLE MONUMENTS COMMISSION,American Battle Monuments Commission
Animal and Plant Health Inspection Service,Animal and Plant Health Inspection Service
ARCHITECT OF THE CAPITOL,Architect of the Capitol
ARMY,US Department of the Army
ARMY AIR FORCE EXCHANGE SERVICE (AAFES),Army Air Force Exchange Service
ARMY CONTRACTING COMMAND,US Department of the Army
ARMY CORPS OF ENGINEERS,US Department of the Army
ARMY INSTALLATION MANAGEMENT COMMAND,US Department of the Army
ARMY MATERIEL COMMAND,US Department of the Army
ARMY MEDICAL COMMAND,US Department of the Army
Assistant Secretary for Preparedness and Response,Assistant Secretary for Preparedness and Response
ASSISTANT SECRETARY OF DEFENSE FOR PUBLIC AFFAIRS,ASSISTANT SECRETARY OF DEFENSE FOR PUBLIC AFFAIRS
"ASSISTANT SECRETARY OF THE AIR FORCE FOR ACQUISITION, TECHNOLOGY AND LOGISTICS",US Department of the Air Force
ATF ACQUISITION AND PROPERTY MGMT DIV,"Bureau of Alcohol, Tobacco, Firearms and Explosives"
Bureau of African Affairs,Bureau of African Affairs
Bureau of Arms Control and Nonproliferation,Bureau of Arms Control and Nonproliferation
Bureau of Consular Affairs,Bureau of Consular Affairs
Bureau of Counterterrorism,Bureau of Counterterrorism
Bureau of Democracy Human Rights and Labor,Bureau of Democracy Human Rights and Labor
Bureau of East Asian and Pacific Affairs,Bureau of East Asian and Pacific Affairs
Bureau of Economic and Business Affairs,Bureau of Economic and Business Affairs
Bureau Of Educational and Cultural Affairs,Bureau Of Educational and Cultural Affairs
BUREAU OF ENGRAVING AND PRINTING,Bureau of Engraving and Printing
Bureau of Global Health Security and Diplomacy,Bureau of Global Health Security and Diplomacy
Bureau of Indian Affairs,Bureau of Indian Affairs
BUREAU OF INDUSTRY AND SECURITY,Bureau of Industry and Security
Bureau of International Labor Affairs,Bureau of International Labor Affairs
Bureau of International Narcotics,Bureau of International Narcotics
Bureau of International Narcotics-Law Enforcement,Bureau of International Narcotics
Bureau of Justice Assistance,Bureau of Justice Assistance
Bureau of Land Management,Bureau of Land Management
Bureau of Near Eastern Affairs,Bureau of Near Eastern Affairs
BUREAU OF OCEAN ENERGY MANAGEMENT,Bureau of Ocean Energy Management
Bureau of Oceans,Bureau of Oceans
Bureau of Oceans - Int. Environmental - Scientific,Bureau of Oceans
Bureau of Reclamation,Bureau of Reclamation
BUREAU OF SAFETY AND ENVIRONMENTAL ENFORCEMENT,Bureau of Safety and Environmental Enforcement
Bureau of South and Central Asian Affairs,Bureau of South and Central Asian Affairs
BUREAU OF THE FISCAL SERVICE,Bureau of the Fiscal Service
CARDEROCK DIVISION,US Department of the Navy
Centers for Disease Control,Centers for Disease Control and Prevention
CENTERS FOR DISEASE CONTROL  CSTLTS,Centers for Disease Control and Prevention
Centers for Disease Control - NCBDDD,Centers for Disease Control and Prevention
Centers for Disease Control - NCCDPHP,Centers for Disease Control and Prevention
Centers for Disease Control - NCEZID,Centers for Disease Control and Prevention
Centers for Disease Control - NCHHSTP,Centers for Disease Control and Prevention
Centers for Disease Control - NCIPC,Centers for Disease Control and Prevention
CENTERS FOR DISEASE CONTROL AND PREVENTION,Centers for Disease Control and Prevention
Centers for Disease Control and Prevention - ERA,Centers for Disease Control and Prevention
Centers for Disease Control-GHC,Centers for Disease Control and Prevention
CENTERS FOR MEDICARE AND MEDICAID SERVICES,Centers for Medicare and Medicaid Services
CLOTHING AND TEXTILES DIRECTORATE,CLOTHING AND TEXTILES DIRECTORATE
"COMMERCE, DEPARTMENT OF.NATIONAL OCEANIC AND ATMOSPHERIC ADMINISTRATION.DEPT OF COMMERCE NOAA",US Department of National Oceanic and Atmospheric Administration
COMMODITY FUTURES TRADING COMMISSION,Commodity Futures Trading Commission
Community Oriented Policing Services,Community Oriented Policing Services
CONSTRUCTION AND EQUIPMENT DIRECTORATE,CONSTRUCTION AND EQUIPMENT DIRECTORATE
CONSTRUCTION AND FACILITIES MANAGEMENT (CFM),CONSTRUCTION AND FACILITIES MANAGEMENT
CONSUMER PRODUCT SAFETY COMMISSION,Consumer Product Safety Commission
CORPORATION FOR NATIONAL AND COMMUNITY SERVICE,Corporation for National and Community Service
COURT SERVICES AND OFFENDER SUPERVISION AGENCY,Court Services and Offender Supervision Agency
COURT SERVICES AND OFFENDER SUPERVISION AGENCY FOR THE DISTRICT OF COLUMBIA,Court Services and Offender Supervision Agency
CUSTOMS AND BORDER PROTECTION,CUSTOMS AND BORDER PROTECTION
DEFENSE,US Department of Defense
DEFENSE ADVANCED RESEARCH PROJECTS AGENCY (DARPA),Defense Advanced Research Projects Agency
DEFENSE COMMISSARY AGENCY (DECA),Defense Commissary Agency
DEFENSE CONTRACT MANAGEMENT AGENCY (DCMA),Defense Contract Management Agency
DEFENSE COUNTERINTELLIGENCE AND SECURITY AGENCY,DEFENSE COUNTERINTELLIGENCE AND SECURITY AGENCY
DEFENSE COUNTERINTELLIGENCE AND SECURITY AGENCY (DCSA),Defense Counterintelligence and Security Agency
DEFENSE FINANCE AND ACCOUNTING SERVICE (DFAS),Defense Finance and Accounting Service
Defense Health Agency,Defense Health Agency
DEFENSE HEALTH AGENCY (DHA),Defense Health Agency
Defense Health Agency Contracting Activity - DHACA,Defense Health Agency
DEFENSE HUMAN RESOURCES ACTIVITY,Defense Human Resources Activity
DEFENSE INFORMATION SYSTEMS AGENCY (DISA),Defense Information Systems Agency
DEFENSE INTELLIGENCE AGENCY (DIA),Defense Intelligence Agency
DEFENSE LOGISTICS AGENCY,Defense Logistics Agency
DEFENSE MEDIA ACTIVITY (DMA),Defense Media Activity
DEFENSE MICROELECTRONICS ACTIVITY (DMEA),Defense Microelectronics Activity
DEFENSE THREAT REDUCTION AGENCY (DTRA),Defense Threat Reduction Agency
Department of Homeland Security - FEMA,Federal Emergency Management Agency
Department of Housing and Urban Development,US Department of Housing and Urban Development
Department of National Oceanic and Atmospheric Administration,US Department of National Oceanic and Atmospheric Administration
Department of the Air Force,US Department of the Air Force
Department of the Army,US Department of the Army
Department of the Navy,US Department of the Navy
Department of Veterans Affairs,US Department of Veterans Affairs
DEPARTMENTAL OFFICE OPERATIONS,Departmental Offices
DEPARTMENTAL OFFICES,Departmental Offices
DEPT OF DEFENSE EDUCATION ACTIVITY (DODEA),Defense Education Activity
DEPT OF DEFENSE.DEPT OF THE AIR FORCE.AIR COMBAT COMMAND.AMIC.FA4890  HQ ACC AMIC,US Department of the Air Force
DEPT OF DEFENSE.DEPT OF THE AIR FORCE.AIR COMBAT COMMAND.FA4819  325 CONS PKP,US Department of the Air Force
DEPT OF DEFENSE.DEPT OF THE ARMY.AMC.ACC.ACC-CTRS.ACC-APG.W6QK ACC-APG NATICK,US Department of the Army
DEPT OF DEFENSE.DEPT OF THE ARMY.AMC.ACC.ACC-CTRS.ACC-APG.W6QK ACC-ORLANDO,US Department of the Army
DEPT OF DEFENSE.DEPT OF THE ARMY.US ARMY CORPS OF ENGINEERS.ENGINEER DIVISION SOUTH ATLANTIC.ENDIST WILMINGTON.W074 ENDIST WILMINGTON,US Department of the Army
DEPT OF DEFENSE.DEPT OF THE NAVY.USMC.MARCORP I&L.MARINE CORPS INSTALLATIONS COMMAND.MCIEAST.COMMANDING GENERAL,US Department of the Navy
DEPT OF DEFENSE.WASHINGTON HEADQUARTERS SERVICES (WHS).WASHINGTON HEADQUARTERS SERVICES,Washington Headquarters Services
DEPT OF THE AIR FORCE,US Department of the Air Force
DEPT OF THE ARMY,US Department of the Army
Dept of the Army -- Materiel Command,US Department of the Army
DEPT OF THE NAVY,US Department of the Navy
DETROIT DISTRICT,DETROIT DISTRICT
DEVCOM GROUND VEHICLE SYSTEMS CENTER (DEVCOM GVSC),DEVCOM GROUND VEHICLE SYSTEMS CENTER (DEVCOM GVSC)
DIRECTORATE OF ACQUISITION (TCAQ),DIRECTORATE OF ACQUISITION (TCAQ)
DISTRIBUTION PROCESS OWNER SUPPORT (TCAQ-D),DISTRIBUTION PROCESS OWNER SUPPORT (TCAQ-D)
DITCO-EUROPE,DITCO-EUROPE
DLA AVIATION,DLA AVIATION
DLA DISPOSITION SERVICES,DLA DISPOSITION SERVICES
DLA DISTRIBUTION,DLA DISTRIBUTION
DLA ENERGY,DLA ENERGY
DLA INFORMATION OPERATIONS,DLA INFORMATION OPERATIONS
DLA LAND AND MARITIME,DLA LAND AND MARITIME
DOC NOAA - ERA Production,National Oceanic and Atmospheric Administration
DOD EDUCATION ACTIVITY,DOD EDUCATION ACTIVITY
DOT - Federal Railroad Administration,Federal Railroad Administration
DOT - Federal Transit Administration,Federal Transit Administration
DRUG ENFORCEMENT ADMINISTRATION,Drug Enforcement Administration
EASTERN FEDERAL LANDS HIGHWAY DIVISION,EASTERN FEDERAL LANDS HIGHWAY DIVISION
"EDUCATION, DEPARTMENT OF",US Department of Education
ELECTRONIC SYSTEMS DIRECTORATE,ELECTRONIC SYSTEMS DIRECTORATE
Employment and Training Administration,Employment and Training Administration
ENERGY,US Department of Energy
"ENERGY, DEPARTMENT OF",US Department of Energy
Environmental Protection Agency,Environmental Protection Agency
EXPORT-IMPORT BANK OF THE U.S.,Export-Import Bank of the US
FARM PRODUCTION AND CONSERVATION BUSINESS CENTER,Farm Production and Conservation Business Center
FEDERAL ACQUISITION SERVICE,Federal Acquisition Service
FEDERAL AVIATION ADMINISTRATION,Federal Aviation Administration
FEDERAL BUREAU OF INVESTIGATION,Federal Bureau of Investigation
Federal Communications Commission,Federal Communications Commission
FEDERAL COMMUNICATIONS COMMISSION.FEDERAL COMMUNICATIONS COMMISSION.FCC,Federal Communications Commission
FEDERAL DEPOSIT INSURANCE CORP,Federal Deposit Insurance Corporation
FEDERAL DEPOSIT INSURANCE CORPORATION,Federal Deposit Insurance Corporation
Federal Emergency Management Agency,Federal Emergency Management Agency
FEDERAL ENERGY REGULATORY COMMISSION,Federal Energy Regulatory Commission
FEDERAL HIGHWAY ADMINISTRATION,Federal Highway Administration
FEDERAL HOUSING FINANCE AGENCY,Federal Housing Finance Agency
FEDERAL LAW ENFORCEMENT TRAINING CENTER,Federal Law Enforcement Training Center
FEDERAL MOTOR CARRIER SAFETY ADMINISTRATION,Federal Motor Carrier Safety Administration
"FEDERAL PRISON INDUSTRIES, INC.","Federal Prison Industries, Inc."
FEDERAL PRISON SYSTEM,Bureau of Prisons
FEDERAL PRISON SYSTEM / BUREAU OF PRISONS,Bureau of Prisons
Federal Railroad Administration,Federal Railroad Administration
FEDERAL TRADE COMMISSION,Federal Trade Commission
Federal Transit Administration,Federal Transit Administration
FIELD SUPPORT PROGRAM OFFICE,FIELD SUPPORT PROGRAM OFFICE
Fish and Wildlife Service,Fish and Wildlife Service
FLEET LOGISTICS CENTER NORFOLK,FLEET LOGISTICS CENTER NORFOLK
FLEET LOGISTICS CENTER YOKOSUKA,FLEET LOGISTICS CENTER YOKOSUKA
Food and Drug Administration,Food and Drug Administration
Food and Nutrition Service,Food and Nutrition Service
Foreign Agricultural Service,Foreign Agricultural Service
Forest Service,Forest Service
"GAO, EXCEPT COMPTROLLER GENERAL",Government Accountability Office
Geological Survey,Geological Survey
Golden Field Office,Golden Field Office
GOVERNMENT PUBLISHING OFFICE,GOVERNMENT PUBLISHING OFFICE
GREAT LAKES ST. LAWRENCE SEAWAY DEVELOPMENT CORPORATION,Great Lakes St. Lawrence Seaway Development Corporation
HEALTH AND HUMAN SERVICES,US Department of Health and Human Services
"HEALTH AND HUMAN SERVICES, DEPARTMENT OF.INDIAN HEALTH SERVICE.DIVISION OF ACQUISITIONS POLICY HQ",Indian Health Services
Health Resources and Services Administration,Health Resources and Services Administration
HOUSING AND URBAN DEVELOPMENT,US Department of Housing and Urban Development
"HOUSING AND URBAN DEVELOPMENT, DEPARTMENT OF",US Department of Housing and Urban Development
IMMEDIATE OFFICE OF THE SECRETARY OF DEFENSE,Immediate Office of the Secretary of Defense
IMMIGRATION AND CUSTOMS ENFORCEMENT,IMMIGRATION AND CUSTOMS ENFORCEMENT
Indian Health Service,Indian Health Service
Indian Health Services,Indian Health Service
INTELLIGENCE ADVANCED RESEARCH PROJECTS ACTIVITY,Intelligence Advanced Research Projects Activity
INTELLIGENT TRANSPORTATION SYSTEMS JOINT PROGRAM OFFICE,INTELLIGENT TRANSPORTATION SYSTEMS JOINT PROGRAM OFFICE
INTERCONTINENTAL BALLISTIC MISSILE SYSTEMS DIRECTORATE (NI),INTERCONTINENTAL BALLISTIC MISSILE SYSTEMS DIRECTORATE (NI)
INTERIOR,US Department of the Interior
INTERNAL REVENUE SERVICE,Internal Revenue Service
INTERNATIONAL BOUNDARY AND WATER COMMISSION: U.S.-MEXICO,International Boundary and Water Commission
INTERNATIONAL TRADE COMMISSION,International Trade Commission
IV&V Test Agency,IV&V Test Agency
LIBRARY OF CONGRESS,Library of Congress
MARINE CORPS,US Marine Corps
MARITIME ADMINISTRATION,Maritime Administration
MICHAEL E DEBAKEY VA MEDICAL CENTER-HOUSTON,MICHAEL E DEBAKEY VA MEDICAL CENTER-HOUSTON
MICROSYSTEMS TECHNOLOGY OFFICE,MICROSYSTEMS TECHNOLOGY OFFICE
MIDDLE EAST DISTRICT,MIDDLE EAST DISTRICT
MILITARY SEALIFT COMMAND,MILITARY SEALIFT COMMAND
MILLENNIUM CHALLENGE CORPORATION,Millenium Challenge Corporation
MISSILE DEFENSE AGENCY (MDA),Missile Defense Agency
NASA Headquarters,National Aeronautics and Space Administration
National Aeronautics and Space Administration,National Aeronautics and Space Administration
NATIONAL AERONAUTICS AND SPACE ADMINISTRATION.NATIONAL AERONAUTICS AND SPACE ADMINISTRATION.NASA HEADQUARTERS,National Aeronautics and Space Administration
NATIONAL AERONAUTICS AND SPACE ADMINISTRATION.NATIONAL AERONAUTICS AND SPACE ADMINISTRATION.NASA SHARED SERVICES CENTER,National Aeronautics and Space Administration
NATIONAL ARCHIVES AND RECORDS ADMINISTRATION,National Archives and Records Administration
National Energy Technology Laboratory,National Energy Technology Laboratory
NATIONAL FIRE DATA CENTER,NATIONAL FIRE DATA CENTER
NATIONAL GALLERY OF ART,National Gallery of Art
NATIONAL GEOSPATIAL-INTELLIGENCE AGENCY (NGA),National Geospatial-Intelligence Agency
NATIONAL GUARD BUREAU,NATIONAL GUARD BUREAU
National Highway Traffic Safety Administration,National Highway Traffic Safety Administration
National Institute of Food and Agriculture,National Institute of Food and Agriculture
National Institute of Justice,National Institute of Justice
National Institute of Standards and Technology,National Institute of Standards and Technology
National Institutes of Health,National Institutes of Health
NATIONAL LABOR RELATIONS BOARD,National Labor Relations Board
National Oceanic and Atmospheric Administration,National Oceanic and Atmospheric Administration
NATIONAL PARK SERVICE,National Park Service
NATIONAL SCIENCE FOUNDATION,National Science Foundation
National Telecommunications and Information Admini,National Telecommunications and Information Administration
National Telecommunications and Information Administration,National Telecommunications and Information Administration
NATIONAL TRANSPORTATION SAFETY BOARD,National Transportation Safety Board
Natural Resources Conservation Service,Natural Resources Conservation Service
NAVAL AIR SYSTEMS COMMAND,US Department of the Navy
NAVAL FACILITIES ENGINEERING SYSTEMS COMMAND,US Department of the Navy
NAVAL INFORMATION WARFARE SYSTEMS COMMAND,US Department of the Navy
NAVAL SEA SYSTEMS COMMAND,US Department of the Navy
NAVAL SUPPLY SYSTEMS COMMAND,US Department of the Navy
NAVFAC SOUTHWEST,NAVFAC SOUTHWEST
NAVY,US Department of the Navy
NEWPORT DIVISION,NEWPORT DIVISION
Nuclear Regulatory Commission,Nuclear Regulatory Commission
NUCLEAR REGULATORY COMMISSION.NUCLEAR REGULATORY COMMISSION.NUCLEAR REGULATORY COMMISSION,Nuclear Regulatory Commission
Office for Victims of Crime,Office for Victims of Crime
OFFICE OF AIR AND MARINE OPERATIONS,US Marine Corps
OFFICE OF EXTERNAL AFFAIRS,OFFICE OF EXTERNAL AFFAIRS
OFFICE OF FINANCE AND ADMINISTRATION,OFFICE OF FINANCE AND ADMINISTRATION
OFFICE OF JUSTICE PROGRAMS,Office of Justice Programs
Office of Juvenile Justice Delinquency Prevention,Office of Juvenile Justice Delinquency Prevention
Office of National Drug Control Policy,Office of National Drug Control Policy
Office of Naval Research,Office of Naval Research
OFFICE OF PERSONNEL MANAGEMENT,OFFICE OF PERSONNEL MANAGEMENT
OFFICE OF PROCUREMENT OPERATIONS,Office of Procurement Operations
OFFICE OF THE ASSISTANT SECRETARY FOR ADMINISTRATION (ASA),Office of the Assistant Secretary for Administration
OFFICE OF THE ASSISTANT SECRETARY FOR ADMINISTRATION AND MANAGEMENT,Office of the Assistant Secretary for Administration and Management
OFFICE OF THE ASSISTANT SECRETARY FOR FINANCIAL RESOURCES (ASFR),OFFICE OF THE ASSISTANT SECRETARY FOR FINANCIAL RESOURCES (ASFR)
Office of the Assistant Secretary for Health,Office of the Assistant Secretary for Health
OFFICE OF THE COMPTROLLER OF THE CURRENCY,Office of the Comptroller of the Currency
OFFICE OF THE DIRECTOR,OFFICE OF THE DIRECTOR
OFFICE OF THE INSPECTOR GENERAL,Office of the Inspector General
OFFICE OF THE SECRETARY,Office of the Secretary
Office of the Under Secretary for Policy,Office of the Under Secretary for Policy
Office on Violence Against Women,Office on Violence Against Women
Office to Monitor-Combat Trafficking in Persons,Office to Monitor-Combat Trafficking in Persons
"OFFICES, BOARDS AND DIVISIONS","Offices, Boards and Divisions"
PACIFIC AIR FORCES,US Department of the Air Force
"PAE COMMAND, CONTROL, COMMUNICATIONS, AND BATTLE MANAGEMENT (C3BM)",US Department of the Army
PANAMA CITY,PANAMA CITY
PD ARMY HUMAN RESOURCE SYSTEMS (AHRS),PD ARMY HUMAN RESOURCE SYSTEMS (AHRS)
PENSION BENEFIT GUARANTY CORP,PENSION BENEFIT GUARANTY CORP
PENSION BENEFIT GUARANTY CORPORATION,Pension Benefit Guaranty Corporation
PIPELINE AND HAZARDOUS MATERIALS SAFETY ADMINISTRATION,Pipeline and Hazardous Materials Safety Administration
PORT HUENEME DIVISION,PORT HUENEME DIVISION
POSTAL SERVICE,US Postal Service
PUBLIC BUILDINGS SERVICE,Public Buildings Service
RURAL HOUSING SERVICE,Rural Housing Service
Rural Utilities Service,Rural Utilities Service
SAM HOUSTON STATE UNIVERSITY,SAM HOUSTON STATE UNIVERSITY
SECRETARY OF COMMERCE,SECRETARY OF COMMERCE
SECRETARY OF TRANSPORTATION,SECRETARY OF TRANSPORTATION
SECURITIES AND EXCHANGE COMMISSION,Security and Exchange Commission
SELECTIVE SERVICE SYSTEM,Selective Service System
Small Business Administration,Small Business Administration
SMITHSONIAN INSTITUTION,Smithsonian Institution
SOCIAL SECURITY ADMINISTRATION,Social Security Administration
SPACE SYSTEMS COMMAND,SPACE SYSTEMS COMMAND
SPECIAL OPERATIONS COMMAND,SPECIAL OPERATIONS COMMAND
STATE,US Department of State
"STATE, DEPARTMENT OF",US Department of State
"STATE, DEPARTMENT OF.STATE, DEPARTMENT OF.AMERICAN EMBASSY ATHENS",US Embassy Athens
"STATE, DEPARTMENT OF.STATE, DEPARTMENT OF.US EMBASSY AMMAN",US Embassy Amman
"STATE, DEPARTMENT OF.STATE, DEPARTMENT OF.USEMBASSY GUATEMALA CITY",US Embassy Guatemala City
STRATEGIC TECHNOLOGY OFFICE,STRATEGIC TECHNOLOGY OFFICE
"STRATEGY, CAPABILITIES, POLICY AND LOGISTICS (TCJ5/J4)","STRATEGY, CAPABILITIES, POLICY AND LOGISTICS (TCJ5/J4)"
SUBSISTENCE DIRECTORATE,SUBSISTENCE DIRECTORATE
Substance Abuse and Mental Health Services Adminis,Substance Abuse and Mental Health Services Administration
Substance Abuse and Mental Health Services Administration,Substance Abuse and Mental Health Services Administration
SUPPLY MANAGEMENT,SUPPLY MANAGEMENT
THE UNITED STATES SENATE SERGEANT AT ARMS,The US Senate Sergeant at Arms
TOBYHANNA ARMY DEPOT,TOBYHANNA ARMY DEPOT
TRANSPORTATION SECURITY ADMINISTRATION,Transportation Security Administration
TREASURY,US Department of the Treasury
U.S. CITIZENSHIP AND IMMIGRATION SERVICES,US Citizenship and Immigration Services
U.S. COAST GUARD,US Coast Guard
U.S. CUSTOMS AND BORDER PROTECTION,US Customs and Border Protection
U.S. FISH AND WILDLIFE SERVICE,US Fish and Wildlife Service
U.S. IMMIGRATION AND CUSTOMS ENFORCEMENT,US Immigration and Customs Enforcement
U.S. MARSHALS SERVICE,US Marshals Service
U.S. Mission to Albania,US Mission to Albania
U.S. Mission to Algeria,US Mission to Algeria
U.S. Mission to Argentina,US Mission to Argentina
U.S. Mission to ASEAN,US Mission to ASEAN
U.S. Mission to Bosnia and Herzegovina,US Mission to Bosnia and Herzegovina
U.S. Mission to Cambodia,US Mission to Cambodia
U.S. Mission to Chad,US Mission to Chad
U.S. Mission to Croatia,US Mission to Croatia
U.S. Mission to Djibouti,US Mission to Djibouti
U.S. Mission to Georgia,US Mission to Georgia
U.S. Mission to Germany,US Mission to Germany
U.S. Mission to Indonesia,US Mission to Indonesia
U.S. Mission to Iraq,US Mission to Iraq
U.S. Mission to Japan,US Mission to Japan
U.S. Mission to Jordan,US Mission to Jordan
U.S. Mission to Kazakhstan,US Mission to Kazakhstan
U.S. Mission to Laos,US Mission to Laos
U.S. Mission to Mexico,US Mission to Mexico
U.S. Mission to Myanmar,US Mission to Myanmar
U.S. Mission to Nigeria,US Mission to Nigeria
U.S. Mission to Oman,US Mission to Oman
U.S. Mission to Portugal,US Mission to Portugal
U.S. Mission to Saudi Arabia,US Mission to Saudi Arabia
U.S. Mission to South Korea,US Mission to South Korea
U.S. Mission to the Bahamas,US Mission to the Bahamas
U.S. Mission to the United Kingdom,US Mission to the United Kingdom
U.S. Mission to Ukraine,US Mission to Ukraine
U.S. Mission to United Arab Emirates,US Mission to United Arab Emirates
U.S. National Science Foundation,National Science Foundation
U.S. SECRET SERVICE,US Secret Service
U.S. SPECIAL OPERATIONS COMMAND (USSOCOM),US Special Operations Command
UNIFORMED SERVICES UNIVERSITY OF THE HEALTH SCIENCES (USUHS),Uniformed Services University of the Health Sciences
"UNITED STATES AGENCY FOR GLOBAL MEDIA, BBG",US Agency for Global Media
UNITED STATES GOVERNMENT PUBLISHING OFFICE,US Government Publishing Office
UNITED STATES HOLOCAUST MEMORIAL MUSEUM,US Holocaust Memorial Museum
UNITED STATES INTERNATIONAL DEVELOPMENT FINANCE CORPORATION,US International Development Finance Corporation
UNITED STATES MINT,US Mint
UNITED STATES TRADE AND DEVELOPMENT AGENCY,US Trade and Development Agency
US CENSUS BUREAU,US Census Bureau
US Embassy Amman,US Embassy Amman
US Embassy Athens,US Embassy Athens
US Embassy Guatemala City,US Embassy Guatemala City
US GEOLOGICAL SURVEY,US Geological Survey
US INTERNATIONAL TRADE COMMISSION,US International Trade Commission
US PATENT AND TRADEMARK OFFICE,US Patent and Trademark Office
"USDA, DEPARTMENTAL ADMINISTRATION",US Department of Agriculture
USTRANSCOM,US Transportation Command
VA SAN DIEGO HEALTHCARE SYSTEM,US Department of Veterans Affairs
VETERANS AFFAIRS,US Department of Veterans Affairs
"VETERANS AFFAIRS, DEPARTMENT OF",US Department of Veterans Affairs
"VETERANS AFFAIRS, DEPARTMENT OF.VETERANS AFFAIRS, DEPARTMENT OF.245-NETWORK CONTRACT OFFICE 5 (36C245)",US Department of Veterans Affairs
"VETERANS AFFAIRS, DEPARTMENT OF.VETERANS AFFAIRS, DEPARTMENT OF.NETWORK CONTRACT OFFICE 23 (36C263)",US Department of Veterans Affairs
WASHINGTON HEADQUARTERS SERVICE,Washington Headquarters Services
Washington Headquarters Services,Washington Headquarters Services
WASHINGTON HEADQUARTERS SERVICES (WHS),Washington Headquarters Services
